Volume,Chapter Number,Title,URL
I,Chapter 1.,Chapter 1.Atoms in Motion,"https://www.feynmanlectures.caltech.edu/I/javascript:Goto(1,1)"
I,Chapter 2.,Chapter 2.Basic Physics,"https://www.feynmanlectures.caltech.edu/I/javascript:Goto(1,2)"
I,Chapter 3.,Chapter 3.The Relation of Physics to Other Sciences,"https://www.feynmanlectures.caltech.edu/I/javascript:Goto(1,3)"
I,Chapter 4.,Chapter 4.Conservation of Energy,"https://www.feynmanlectures.caltech.edu/I/javascript:Goto(1,4)"
I,Chapter 5.,Chapter 5.Time and Distance,"https://www.feynmanlectures.caltech.edu/I/javascript:Goto(1,5)"
I,Chapter 6.,Chapter 6.Probability,"https://www.feynmanlectures.caltech.edu/I/javascript:Goto(1,6)"
I,Chapter 7.,Chapter 7.The Theory of Gravitation,"https://www.feynmanlectures.caltech.edu/I/javascript:Goto(1,7)"
I,Chapter 8.,Chapter 8.Motion,"https://www.feynmanlectures.caltech.edu/I/javascript:Goto(1,8)"
I,Chapter 9.,Chapter 9.Newtonâs Laws of Dynamics,"https://www.feynmanlectures.caltech.edu/I/javascript:Goto(1,9)"
I,Chapter 10.,Chapter 10.Conservation of Momentum,"https://www.feynmanlectures.caltech.edu/I/javascript:Goto(1,10)"
I,Chapter 11.,Chapter 11.Vectors,"https://www.feynmanlectures.caltech.edu/I/javascript:Goto(1,11)"
I,Chapter 12.,Chapter 12.Characteristics of Force,"https://www.feynmanlectures.caltech.edu/I/javascript:Goto(1,12)"
I,Chapter 13.,Chapter 13.Work and Potential Energy (A),"https://www.feynmanlectures.caltech.edu/I/javascript:Goto(1,13)"
I,Chapter 14.,Chapter 14.Work and Potential Energy (conclusion),"https://www.feynmanlectures.caltech.edu/I/javascript:Goto(1,14)"
I,Chapter 15.,Chapter 15.The Special Theory of Relativity,"https://www.feynmanlectures.caltech.edu/I/javascript:Goto(1,15)"
I,Chapter 16.,Chapter 16.Relativistic Energy and Momentum,"https://www.feynmanlectures.caltech.edu/I/javascript:Goto(1,16)"
I,Chapter 17.,Chapter 17.Space-Time,"https://www.feynmanlectures.caltech.edu/I/javascript:Goto(1,17)"
I,Chapter 18.,Chapter 18.Rotation in Two Dimensions,"https://www.feynmanlectures.caltech.edu/I/javascript:Goto(1,18)"
I,Chapter 19.,Chapter 19.Center of Mass; Moment of Inertia,"https://www.feynmanlectures.caltech.edu/I/javascript:Goto(1,19)"
I,Chapter 20.,Chapter 20.Rotation in space,"https://www.feynmanlectures.caltech.edu/I/javascript:Goto(1,20)"
I,Chapter 21.,Chapter 21.The Harmonic Oscillator,"https://www.feynmanlectures.caltech.edu/I/javascript:Goto(1,21)"
I,Chapter 22.,Chapter 22.Algebra,"https://www.feynmanlectures.caltech.edu/I/javascript:Goto(1,22)"
I,Chapter 23.,Chapter 23.Resonance,"https://www.feynmanlectures.caltech.edu/I/javascript:Goto(1,23)"
I,Chapter 24.,Chapter 24.Transients,"https://www.feynmanlectures.caltech.edu/I/javascript:Goto(1,24)"
I,Chapter 25.,Chapter 25.Linear Systems and Review,"https://www.feynmanlectures.caltech.edu/I/javascript:Goto(1,25)"
I,Chapter 26.,Chapter 26.Optics: The Principle of Least Time,"https://www.feynmanlectures.caltech.edu/I/javascript:Goto(1,26)"
I,Chapter 27.,Chapter 27.Geometrical Optics,"https://www.feynmanlectures.caltech.edu/I/javascript:Goto(1,27)"
I,Chapter 28.,Chapter 28.Electromagnetic Radiation,"https://www.feynmanlectures.caltech.edu/I/javascript:Goto(1,28)"
I,Chapter 29.,Chapter 29.Interference,"https://www.feynmanlectures.caltech.edu/I/javascript:Goto(1,29)"
I,Chapter 30.,Chapter 30.Diffraction,"https://www.feynmanlectures.caltech.edu/I/javascript:Goto(1,30)"
I,Chapter 31.,Chapter 31.The Origin of the Refractive Index,"https://www.feynmanlectures.caltech.edu/I/javascript:Goto(1,31)"
I,Chapter 32.,Chapter 32.Radiation Damping. Light Scattering,"https://www.feynmanlectures.caltech.edu/I/javascript:Goto(1,32)"
I,Chapter 33.,Chapter 33.Polarization,"https://www.feynmanlectures.caltech.edu/I/javascript:Goto(1,33)"
I,Chapter 34.,Chapter 34.Relativistic Effects in Radiation,"https://www.feynmanlectures.caltech.edu/I/javascript:Goto(1,34)"
I,Chapter 35.,Chapter 35.Color Vision,"https://www.feynmanlectures.caltech.edu/I/javascript:Goto(1,35)"
I,Chapter 36.,Chapter 36.Mechanisms of Seeing,"https://www.feynmanlectures.caltech.edu/I/javascript:Goto(1,36)"
I,Chapter 37.,Chapter 37.Quantum Behavior,"https://www.feynmanlectures.caltech.edu/I/javascript:Goto(1,37)"
I,Chapter 38.,Chapter 38.The Relation of Wave and Particle Viewpoints,"https://www.feynmanlectures.caltech.edu/I/javascript:Goto(1,38)"
I,Chapter 39.,Chapter 39.The Kinetic Theory of Gases,"https://www.feynmanlectures.caltech.edu/I/javascript:Goto(1,39)"
I,Chapter 40.,Chapter 40.The Principles of Statistical Mechanics,"https://www.feynmanlectures.caltech.edu/I/javascript:Goto(1,40)"
I,Chapter 41.,Chapter 41.The Brownian Movement,"https://www.feynmanlectures.caltech.edu/I/javascript:Goto(1,41)"
I,Chapter 42.,Chapter 42.Applications of Kinetic Theory,"https://www.feynmanlectures.caltech.edu/I/javascript:Goto(1,42)"
I,Chapter 43.,Chapter 43.Diffusion,"https://www.feynmanlectures.caltech.edu/I/javascript:Goto(1,43)"
I,Chapter 44.,Chapter 44.The Laws of Thermodynamics,"https://www.feynmanlectures.caltech.edu/I/javascript:Goto(1,44)"
I,Chapter 45.,Chapter 45.Illustrations of Thermodynamics,"https://www.feynmanlectures.caltech.edu/I/javascript:Goto(1,45)"
I,Chapter 46.,Chapter 46.Ratchet and pawl,"https://www.feynmanlectures.caltech.edu/I/javascript:Goto(1,46)"
I,Chapter 47.,Chapter 47.Sound. The wave equation,"https://www.feynmanlectures.caltech.edu/I/javascript:Goto(1,47)"
I,Chapter 48.,Chapter 48.Beats,"https://www.feynmanlectures.caltech.edu/I/javascript:Goto(1,48)"
I,Chapter 49.,Chapter 49.Modes,"https://www.feynmanlectures.caltech.edu/I/javascript:Goto(1,49)"
I,Chapter 50.,Chapter 50.Harmonics,"https://www.feynmanlectures.caltech.edu/I/javascript:Goto(1,50)"
I,Chapter 51.,Chapter 51.Waves,"https://www.feynmanlectures.caltech.edu/I/javascript:Goto(1,51)"
I,Chapter 52.,Chapter 52.Symmetry in Physical Laws,"https://www.feynmanlectures.caltech.edu/I/javascript:Goto(1,52)"
II,Chapter 1.,Chapter 1.Electromagnetism,"https://www.feynmanlectures.caltech.edu/II/javascript:Goto(2,1)"
II,Chapter 2.,Chapter 2.Differential Calculus of Vector Fields,"https://www.feynmanlectures.caltech.edu/II/javascript:Goto(2,2)"
II,Chapter 3.,Chapter 3.Vector Integral Calculus,"https://www.feynmanlectures.caltech.edu/II/javascript:Goto(2,3)"
II,Chapter 4.,Chapter 4.Electrostatics,"https://www.feynmanlectures.caltech.edu/II/javascript:Goto(2,4)"
II,Chapter 5.,Chapter 5.Application of Gaussâ Law,"https://www.feynmanlectures.caltech.edu/II/javascript:Goto(2,5)"
II,Chapter 6.,Chapter 6.The Electric Field in Various Circumstances,"https://www.feynmanlectures.caltech.edu/II/javascript:Goto(2,6)"
II,Chapter 7.,Chapter 7.The Electric Field in Various Circumstances (Continued),"https://www.feynmanlectures.caltech.edu/II/javascript:Goto(2,7)"
II,Chapter 8.,Chapter 8.Electrostatic Energy,"https://www.feynmanlectures.caltech.edu/II/javascript:Goto(2,8)"
II,Chapter 9.,Chapter 9.Electricity in the Atmosphere,"https://www.feynmanlectures.caltech.edu/II/javascript:Goto(2,9)"
II,Chapter 10.,Chapter 10.Dielectrics,"https://www.feynmanlectures.caltech.edu/II/javascript:Goto(2,10)"
II,Chapter 11.,Chapter 11.Inside Dielectrics,"https://www.feynmanlectures.caltech.edu/II/javascript:Goto(2,11)"
II,Chapter 12.,Chapter 12.Electrostatic Analogs,"https://www.feynmanlectures.caltech.edu/II/javascript:Goto(2,12)"
II,Chapter 13.,Chapter 13.Magnetostatics,"https://www.feynmanlectures.caltech.edu/II/javascript:Goto(2,13)"
II,Chapter 14.,Chapter 14.The Magnetic Field in Various Situations,"https://www.feynmanlectures.caltech.edu/II/javascript:Goto(2,14)"
II,Chapter 15.,Chapter 15.The Vector Potential,"https://www.feynmanlectures.caltech.edu/II/javascript:Goto(2,15)"
II,Chapter 16.,Chapter 16.Induced Currents,"https://www.feynmanlectures.caltech.edu/II/javascript:Goto(2,16)"
II,Chapter 17.,Chapter 17.The Laws of Induction,"https://www.feynmanlectures.caltech.edu/II/javascript:Goto(2,17)"
II,Chapter 18.,Chapter 18.The Maxwell Equations,"https://www.feynmanlectures.caltech.edu/II/javascript:Goto(2,18)"
II,Chapter 19.,Chapter 19.The Principle of Least Action,"https://www.feynmanlectures.caltech.edu/II/javascript:Goto(2,19)"
II,Chapter 20.,Chapter 20.Solutions of Maxwellâs Equations in Free Space,"https://www.feynmanlectures.caltech.edu/II/javascript:Goto(2,20)"
II,Chapter 21.,Chapter 21.Solutions of Maxwellâs Equations with Currents and Charges,"https://www.feynmanlectures.caltech.edu/II/javascript:Goto(2,21)"
II,Chapter 22.,Chapter 22.AC Circuits,"https://www.feynmanlectures.caltech.edu/II/javascript:Goto(2,22)"
II,Chapter 23.,Chapter 23.Cavity Resonators,"https://www.feynmanlectures.caltech.edu/II/javascript:Goto(2,23)"
II,Chapter 24.,Chapter 24.Waveguides,"https://www.feynmanlectures.caltech.edu/II/javascript:Goto(2,24)"
II,Chapter 25.,Chapter 25.Electrodynamics in Relativistic Notation,"https://www.feynmanlectures.caltech.edu/II/javascript:Goto(2,25)"
II,Chapter 26.,Chapter 26.Lorentz Transformations of the Fields,"https://www.feynmanlectures.caltech.edu/II/javascript:Goto(2,26)"
II,Chapter 27.,Chapter 27.Field Energy and Field Momentum,"https://www.feynmanlectures.caltech.edu/II/javascript:Goto(2,27)"
II,Chapter 28.,Chapter 28.Electromagnetic Mass,"https://www.feynmanlectures.caltech.edu/II/javascript:Goto(2,28)"
II,Chapter 29.,Chapter 29.The Motion of Charges in Electric and Magnetic Fields,"https://www.feynmanlectures.caltech.edu/II/javascript:Goto(2,29)"
II,Chapter 30.,Chapter 30.The Internal Geometry of Crystals,"https://www.feynmanlectures.caltech.edu/II/javascript:Goto(2,30)"
II,Chapter 31.,Chapter 31.Tensors,"https://www.feynmanlectures.caltech.edu/II/javascript:Goto(2,31)"
II,Chapter 32.,Chapter 32.Refractive Index of Dense Materials,"https://www.feynmanlectures.caltech.edu/II/javascript:Goto(2,32)"
II,Chapter 33.,Chapter 33.Reflection from Surfaces,"https://www.feynmanlectures.caltech.edu/II/javascript:Goto(2,33)"
II,Chapter 34.,Chapter 34.The Magnetism of Matter,"https://www.feynmanlectures.caltech.edu/II/javascript:Goto(2,34)"
II,Chapter 35.,Chapter 35.Paramagnetism and Magnetic Resonance,"https://www.feynmanlectures.caltech.edu/II/javascript:Goto(2,35)"
II,Chapter 36.,Chapter 36.Ferromagnetism,"https://www.feynmanlectures.caltech.edu/II/javascript:Goto(2,36)"
II,Chapter 37.,Chapter 37.Magnetic Materials,"https://www.feynmanlectures.caltech.edu/II/javascript:Goto(2,37)"
II,Chapter 38.,Chapter 38.Elasticity,"https://www.feynmanlectures.caltech.edu/II/javascript:Goto(2,38)"
II,Chapter 39.,Chapter 39.Elastic Materials,"https://www.feynmanlectures.caltech.edu/II/javascript:Goto(2,39)"
II,Chapter 40.,Chapter 40.The Flow of Dry Water,"https://www.feynmanlectures.caltech.edu/II/javascript:Goto(2,40)"
II,Chapter 41.,Chapter 41.The Flow of Wet Water,"https://www.feynmanlectures.caltech.edu/II/javascript:Goto(2,41)"
II,Chapter 42.,Chapter 42.Curved Space,"https://www.feynmanlectures.caltech.edu/II/javascript:Goto(2,42)"
III,Chapter 1.,Chapter 1.Quantum Behavior,"https://www.feynmanlectures.caltech.edu/III/javascript:Goto(3,1)"
III,Chapter 2.,Chapter 2.The Relation of Wave and Particle Viewpoints,"https://www.feynmanlectures.caltech.edu/III/javascript:Goto(3,2)"
III,Chapter 3.,Chapter 3.Probability Amplitudes,"https://www.feynmanlectures.caltech.edu/III/javascript:Goto(3,3)"
III,Chapter 4.,Chapter 4.Identical Particles,"https://www.feynmanlectures.caltech.edu/III/javascript:Goto(3,4)"
III,Chapter 5.,Chapter 5.Spin One,"https://www.feynmanlectures.caltech.edu/III/javascript:Goto(3,5)"
III,Chapter 6.,Chapter 6.Spin One-Half,"https://www.feynmanlectures.caltech.edu/III/javascript:Goto(3,6)"
III,Chapter 7.,Chapter 7.The Dependence of Amplitudes on Time,"https://www.feynmanlectures.caltech.edu/III/javascript:Goto(3,7)"
III,Chapter 8.,Chapter 8.The Hamiltonian Matrix,"https://www.feynmanlectures.caltech.edu/III/javascript:Goto(3,8)"
III,Chapter 9.,Chapter 9.The Ammonia Maser,"https://www.feynmanlectures.caltech.edu/III/javascript:Goto(3,9)"
III,Chapter 10.,Chapter 10.Other Two-State Systems,"https://www.feynmanlectures.caltech.edu/III/javascript:Goto(3,10)"
III,Chapter 11.,Chapter 11.More Two-State Systems,"https://www.feynmanlectures.caltech.edu/III/javascript:Goto(3,11)"
III,Chapter 12.,Chapter 12.The Hyperfine Splitting in Hydrogen,"https://www.feynmanlectures.caltech.edu/III/javascript:Goto(3,12)"
III,Chapter 13.,Chapter 13.Propagation in a Crystal Lattice,"https://www.feynmanlectures.caltech.edu/III/javascript:Goto(3,13)"
III,Chapter 14.,Chapter 14.Semiconductors,"https://www.feynmanlectures.caltech.edu/III/javascript:Goto(3,14)"
III,Chapter 15.,Chapter 15.The Independent Particle Approximation,"https://www.feynmanlectures.caltech.edu/III/javascript:Goto(3,15)"
III,Chapter 16.,Chapter 16.The Dependence of Amplitudes on Position,"https://www.feynmanlectures.caltech.edu/III/javascript:Goto(3,16)"
III,Chapter 17.,Chapter 17.Symmetry and Conservation Laws,"https://www.feynmanlectures.caltech.edu/III/javascript:Goto(3,17)"
III,Chapter 18.,Chapter 18.Angular Momentum,"https://www.feynmanlectures.caltech.edu/III/javascript:Goto(3,18)"
III,Chapter 19.,Chapter 19.The Hydrogen Atom and The Periodic Table,"https://www.feynmanlectures.caltech.edu/III/javascript:Goto(3,19)"
III,Chapter 20.,Chapter 20.Operators,"https://www.feynmanlectures.caltech.edu/III/javascript:Goto(3,20)"
III,Chapter 21.,Chapter 21.The SchrÃ¶dinger Equation in a Classical Context: A Seminar on Superconductivity,"https://www.feynmanlectures.caltech.edu/III/javascript:Goto(3,21)"
