类型,链接,标题,内容
Definition,https://statproofbook.github.io//D/rexp,Random experiment,
Definition,https://statproofbook.github.io//D/samp-spc,Sample space,
Definition,https://statproofbook.github.io//D/eve-spc,Event space,
Definition,https://statproofbook.github.io//D/prob-spc,Probability space,
Definition,https://statproofbook.github.io//D/reve,Random event,
Definition,https://statproofbook.github.io//D/rvar,Random variable,
Definition,https://statproofbook.github.io//D/rvec,Random vector,
Definition,https://statproofbook.github.io//D/rmat,Random matrix,
Definition,https://statproofbook.github.io//D/const,Constant,
Definition,https://statproofbook.github.io//D/rvar-disc,Discrete vs. continuous,
Definition,https://statproofbook.github.io//D/rvar-uni,Univariate vs. multivariate,
Definition,https://statproofbook.github.io//D/prob,Probability,
Definition,https://statproofbook.github.io//D/prob-joint,Joint probability,
Definition,https://statproofbook.github.io//D/prob-marg,Marginal probability,
Definition,https://statproofbook.github.io//D/prob-cond,Conditional probability,
Definition,https://statproofbook.github.io//D/prob-exc,Exceedance probability,
Definition,https://statproofbook.github.io//D/ind,Statistical independence,
Definition,https://statproofbook.github.io//D/ind-cond,Conditional independence,
Proof,https://statproofbook.github.io//P/prob-ind,Probability under independence,
Definition,https://statproofbook.github.io//D/exc,Mutual exclusivity,
Proof,https://statproofbook.github.io//P/prob-exc,Probability under exclusivity,
Definition,https://statproofbook.github.io//D/prob-ax,Axioms of probability,
Proof,https://statproofbook.github.io//P/prob-mon,Monotonicity of probability,
Proof,https://statproofbook.github.io//P/prob-emp,Probability of the empty set,
Proof,https://statproofbook.github.io//P/prob-comp,Probability of the complement,
Proof,https://statproofbook.github.io//P/prob-range,Range of probability,
Proof,https://statproofbook.github.io//P/prob-add,Addition law of probability,
Proof,https://statproofbook.github.io//P/prob-tot,Law of total probability,
Proof,https://statproofbook.github.io//P/prob-exh,Probability of exhaustive events,
Proof,https://statproofbook.github.io//P/prob-exh2,Probability of exhaustive events,
Definition,https://statproofbook.github.io//D/dist,Probability distribution,
Definition,https://statproofbook.github.io//D/dist-joint,Joint distribution,
Definition,https://statproofbook.github.io//D/dist-marg,Marginal distribution,
Definition,https://statproofbook.github.io//D/dist-cond,Conditional distribution,
Definition,https://statproofbook.github.io//D/dist-samp,Sampling distribution,
Definition,https://statproofbook.github.io//D/pmf,Probability mass function,
Proof,https://statproofbook.github.io//P/pmf-sumind,Probability mass function of sum of independents,
Proof,https://statproofbook.github.io//P/pmf-sifct,Probability mass function of strictly increasing function,
Proof,https://statproofbook.github.io//P/pmf-sdfct,Probability mass function of strictly decreasing function,
Proof,https://statproofbook.github.io//P/pmf-invfct,Probability mass function of invertible function,
Definition,https://statproofbook.github.io//D/pdf,Probability density function,
Proof,https://statproofbook.github.io//P/pdf-sumind,Probability density function of sum of independents,
Proof,https://statproofbook.github.io//P/pdf-sifct,Probability density function of strictly increasing function,
Proof,https://statproofbook.github.io//P/pdf-sdfct,Probability density function of strictly decreasing function,
Proof,https://statproofbook.github.io//P/pdf-invfct,Probability density function of invertible function,
Proof,https://statproofbook.github.io//P/pdf-linfct,Probability density function of linear transformation,
Proof,https://statproofbook.github.io//P/pdf-cdf,Probability density function in terms of cumulative distribution function,
Definition,https://statproofbook.github.io//D/cdf,Cumulative distribution function,
Proof,https://statproofbook.github.io//P/cdf-sumind,Cumulative distribution function of sum of independents,
Proof,https://statproofbook.github.io//P/cdf-sifct,Cumulative distribution function of strictly increasing function,
Proof,https://statproofbook.github.io//P/cdf-sdfct,Cumulative distribution function of strictly decreasing function,
Proof,https://statproofbook.github.io//P/cdf-pmf,Cumulative distribution function of discrete random variable,
Proof,https://statproofbook.github.io//P/cdf-pdf,Cumulative distribution function of continuous random variable,
Proof,https://statproofbook.github.io//P/cdf-pit,Probability integral transform,
Proof,https://statproofbook.github.io//P/cdf-itm,Inverse transformation method,
Proof,https://statproofbook.github.io//P/cdf-dt,Distributional transformation,
Definition,https://statproofbook.github.io//D/cdf-joint,Joint cumulative distribution function,
Definition,https://statproofbook.github.io//D/qf,Quantile function,
Proof,https://statproofbook.github.io//P/qf-cdf,Quantile function in terms of cumulative distribution function,
Definition,https://statproofbook.github.io//D/cf,Characteristic function,
Proof,https://statproofbook.github.io//P/cf-fct,Characteristic function of arbitrary function,
Definition,https://statproofbook.github.io//D/mgf,Moment-generating function,
Proof,https://statproofbook.github.io//P/mgf-fct,Moment-generating function of arbitrary function,
Proof,https://statproofbook.github.io//P/mgf-ltt,Moment-generating function of linear transformation,
Proof,https://statproofbook.github.io//P/mgf-lincomb,Moment-generating function of linear combination,
Definition,https://statproofbook.github.io//D/pgf,Probability-generating function,
Proof,https://statproofbook.github.io//P/pgf-mean,Probability-generating function in terms of expected value,
Proof,https://statproofbook.github.io//P/pgf-zero,Probability-generating function of zero,
Proof,https://statproofbook.github.io//P/pgf-one,Probability-generating function of one,
Definition,https://statproofbook.github.io//D/cgf,Cumulant-generating function,
Definition,https://statproofbook.github.io//D/mean,Definition,
Definition,https://statproofbook.github.io//D/mean-samp,Sample mean,
Proof,https://statproofbook.github.io//P/mean-nnrvar,Non-negative random variable,
Proof,https://statproofbook.github.io//P/mean-nonneg,Non-negativity,
Proof,https://statproofbook.github.io//P/mean-lin,Linearity,
Proof,https://statproofbook.github.io//P/mean-mono,Monotonicity,
Proof,https://statproofbook.github.io//P/mean-mult,(Non-)Multiplicativity,
Proof,https://statproofbook.github.io//P/mean-tr,Expectation of a trace,
Proof,https://statproofbook.github.io//P/mean-qf,Expectation of a quadratic form,
Proof,https://statproofbook.github.io//P/mean-prodsqr,Squared expectation of a product,
Proof,https://statproofbook.github.io//P/mean-tot,Law of total expectation,
Proof,https://statproofbook.github.io//P/mean-lotus,Law of the unconscious statistician,
Definition,https://statproofbook.github.io//D/mean-rvec,Expected value of a random vector,
Definition,https://statproofbook.github.io//D/mean-rmat,Expected value of a random matrix,
Definition,https://statproofbook.github.io//D/var,Definition,
Definition,https://statproofbook.github.io//D/var-samp,Sample variance,
Proof,https://statproofbook.github.io//P/var-mean,Partition into expected values,
Proof,https://statproofbook.github.io//P/var-nonneg,Non-negativity,
Proof,https://statproofbook.github.io//P/var-const,Variance of a constant,
Proof,https://statproofbook.github.io//P/var-inv,Invariance under addition,
Proof,https://statproofbook.github.io//P/var-scal,Scaling upon multiplication,
Proof,https://statproofbook.github.io//P/var-sum,Variance of a sum,
Proof,https://statproofbook.github.io//P/var-lincomb,Variance of linear combination,
Proof,https://statproofbook.github.io//P/var-add,Additivity under independence,
Proof,https://statproofbook.github.io//P/var-tot,Law of total variance,
Definition,https://statproofbook.github.io//D/prec,Precision,
Definition,https://statproofbook.github.io//D/cov,Definition,
Definition,https://statproofbook.github.io//D/cov-samp,Sample covariance,
Proof,https://statproofbook.github.io//P/cov-mean,Partition into expected values,
Proof,https://statproofbook.github.io//P/cov-symm,Symmetry,
Proof,https://statproofbook.github.io//P/cov-var,Self-covariance,
Proof,https://statproofbook.github.io//P/cov-ind,Covariance under independence,
Proof,https://statproofbook.github.io//P/cov-corr,Relationship to correlation,
Proof,https://statproofbook.github.io//P/cov-tot,Law of total covariance,
Definition,https://statproofbook.github.io//D/covmat,Covariance matrix,
Definition,https://statproofbook.github.io//D/covmat-samp,Sample covariance matrix,
Proof,https://statproofbook.github.io//P/covmat-mean,Covariance matrix and expected values,
Proof,https://statproofbook.github.io//P/covmat-symm,Symmetry,
Proof,https://statproofbook.github.io//P/covmat-psd,Positive semi-definiteness,
Proof,https://statproofbook.github.io//P/covmat-inv,Invariance under addition of vector,
Proof,https://statproofbook.github.io//P/covmat-scal,Scaling upon multiplication with matrix,
Definition,https://statproofbook.github.io//D/covmat-cross,Cross-covariance matrix,
Proof,https://statproofbook.github.io//P/covmat-sum,Covariance matrix of a sum,
Proof,https://statproofbook.github.io//P/covmat-corrmat,Covariance matrix and correlation matrix,
Definition,https://statproofbook.github.io//D/precmat,Precision matrix,
Proof,https://statproofbook.github.io//P/precmat-corrmat,Precision matrix and correlation matrix,
Definition,https://statproofbook.github.io//D/corr,Definition,
Proof,https://statproofbook.github.io//P/corr-range,Range,
Definition,https://statproofbook.github.io//D/corr-samp,Sample correlation coefficient,
Proof,https://statproofbook.github.io//P/corr-z,Relationship to standard scores,
Definition,https://statproofbook.github.io//D/corrmat,Correlation matrix,
Definition,https://statproofbook.github.io//D/corrmat-samp,Sample correlation matrix,
Definition,https://statproofbook.github.io//D/med,Median,
Definition,https://statproofbook.github.io//D/mode,Mode,
Definition,https://statproofbook.github.io//D/std,Standard deviation,
Definition,https://statproofbook.github.io//D/fwhm,Full width at half maximum,
Definition,https://statproofbook.github.io//D/min,Minimum,
Definition,https://statproofbook.github.io//D/max,Maximum,
Definition,https://statproofbook.github.io//D/mom,Moment,
Proof,https://statproofbook.github.io//P/mom-mgf,Moment in terms of moment-generating function,
Definition,https://statproofbook.github.io//D/mom-raw,Raw moment,
Proof,https://statproofbook.github.io//P/momraw-1st,First raw moment is mean,
Proof,https://statproofbook.github.io//P/momraw-2nd,Second raw moment and variance,
Definition,https://statproofbook.github.io//D/mom-cent,Central moment,
Proof,https://statproofbook.github.io//P/momcent-1st,First central moment is zero,
Proof,https://statproofbook.github.io//P/momcent-2nd,Second central moment is variance,
Definition,https://statproofbook.github.io//D/mom-stand,Standardized moment,
Definition,https://statproofbook.github.io//D/ent,Definition,
Proof,https://statproofbook.github.io//P/ent-nonneg,Non-negativity,
Proof,https://statproofbook.github.io//P/ent-conc,Concavity,
Definition,https://statproofbook.github.io//D/ent-cond,Conditional entropy,
Definition,https://statproofbook.github.io//D/ent-joint,Joint entropy,
Definition,https://statproofbook.github.io//D/ent-cross,Cross-entropy,
Proof,https://statproofbook.github.io//P/entcross-conv,Convexity of cross-entropy,
Proof,https://statproofbook.github.io//P/gibbs-ineq,Gibbs’ inequality,
Proof,https://statproofbook.github.io//P/logsum-ineq,Log sum inequality,
Definition,https://statproofbook.github.io//D/dent,Definition,
Proof,https://statproofbook.github.io//P/dent-neg,Negativity,
Proof,https://statproofbook.github.io//P/dent-inv,Invariance under addition,
Proof,https://statproofbook.github.io//P/dent-add,Addition upon multiplication,
Proof,https://statproofbook.github.io//P/dent-addvec,Addition upon matrix multiplication,
Proof,https://statproofbook.github.io//P/dent-noninv,Non-invariance and transformation,
Definition,https://statproofbook.github.io//D/dent-cond,Conditional differential entropy,
Definition,https://statproofbook.github.io//D/dent-joint,Joint differential entropy,
Definition,https://statproofbook.github.io//D/dent-cross,Differential cross-entropy,
Definition,https://statproofbook.github.io//D/mi,Definition,
Proof,https://statproofbook.github.io//P/dmi-mce,Relation to marginal and conditional entropy,
Proof,https://statproofbook.github.io//P/dmi-mje,Relation to marginal and joint entropy,
Proof,https://statproofbook.github.io//P/dmi-jce,Relation to joint and conditional entropy,
Definition,https://statproofbook.github.io//D/mi,Definition,
Proof,https://statproofbook.github.io//P/cmi-mcde,Relation to marginal and conditional differential entropy,
Proof,https://statproofbook.github.io//P/cmi-mjde,Relation to marginal and joint differential entropy,
Proof,https://statproofbook.github.io//P/cmi-jcde,Relation to joint and conditional differential entropy,
Definition,https://statproofbook.github.io//D/kl,Definition,
Proof,https://statproofbook.github.io//P/kl-nonneg,Non-negativity,
Proof,https://statproofbook.github.io//P/kl-nonneg2,Non-negativity,
Proof,https://statproofbook.github.io//P/kl-nonsymm,Non-symmetry,
Proof,https://statproofbook.github.io//P/kl-conv,Convexity,
Proof,https://statproofbook.github.io//P/kl-add,Additivity for independent distributions,
Proof,https://statproofbook.github.io//P/kl-inv,Invariance under parameter transformation,
Proof,https://statproofbook.github.io//P/kl-ent,Relation to discrete entropy,
Proof,https://statproofbook.github.io//P/kl-dent,Relation to differential entropy,
Definition,https://statproofbook.github.io//D/mse,Mean squared error,
Proof,https://statproofbook.github.io//P/mse-bnv,Partition of the mean squared error into bias and variance,
Definition,https://statproofbook.github.io//D/ci,Confidence interval,
Proof,https://statproofbook.github.io//P/ci-wilks,Construction of confidence intervals using Wilks’ theorem,
Definition,https://statproofbook.github.io//D/lf,Likelihood function,
Definition,https://statproofbook.github.io//D/llf,Log-likelihood function,
Definition,https://statproofbook.github.io//D/mle,Maximum likelihood estimation,
Proof,https://statproofbook.github.io//P/mle-bias,MLE can be biased,
Definition,https://statproofbook.github.io//D/mll,Maximum log-likelihood,
Definition,https://statproofbook.github.io//D/mome,Method of moments,
Definition,https://statproofbook.github.io//D/hyp,Statistical hypothesis,
Definition,https://statproofbook.github.io//D/hyp-simp,Simple vs. composite,
Definition,https://statproofbook.github.io//D/hyp-point,Point/exact vs. set/inexact,
Definition,https://statproofbook.github.io//D/hyp-tail,One-tailed vs. two-tailed,
Definition,https://statproofbook.github.io//D/test,Statistical test,
Definition,https://statproofbook.github.io//D/h0,Null hypothesis,
Definition,https://statproofbook.github.io//D/h1,Alternative hypothesis,
Definition,https://statproofbook.github.io//D/test-tail,One-tailed vs. two-tailed,
Definition,https://statproofbook.github.io//D/tstat,Test statistic,
Definition,https://statproofbook.github.io//D/size,Size of a test,
Definition,https://statproofbook.github.io//D/power,Power of a test,
Definition,https://statproofbook.github.io//D/alpha,Significance level,
Definition,https://statproofbook.github.io//D/cval,Critical value,
Definition,https://statproofbook.github.io//D/pval,p-value,
Proof,https://statproofbook.github.io//P/pval-h0,Distribution of p-value under null hypothesis,
Definition,https://statproofbook.github.io//D/gm,Generative model,
Definition,https://statproofbook.github.io//D/lf,Likelihood function,
Definition,https://statproofbook.github.io//D/prior,Prior distribution,
Definition,https://statproofbook.github.io//D/fpm,Full probability model,
Definition,https://statproofbook.github.io//D/jl,Joint likelihood,
Proof,https://statproofbook.github.io//P/jl-lfnprior,Joint likelihood is product of likelihood and prior,
Definition,https://statproofbook.github.io//D/post,Posterior distribution,
Proof,https://statproofbook.github.io//P/post-jl,Posterior density is proportional to joint likelihood,
Definition,https://statproofbook.github.io//D/ml,Marginal likelihood,
Proof,https://statproofbook.github.io//P/ml-jl,Marginal likelihood is integral of joint likelihood,
Definition,https://statproofbook.github.io//D/prior-flat,Flat vs. hard vs. soft,
Definition,https://statproofbook.github.io//D/prior-uni,Uniform vs. non-uniform,
Definition,https://statproofbook.github.io//D/prior-inf,Informative vs. non-informative,
Definition,https://statproofbook.github.io//D/prior-emp,Empirical vs. non-empirical,
Definition,https://statproofbook.github.io//D/prior-conj,Conjugate vs. non-conjugate,
Definition,https://statproofbook.github.io//D/prior-maxent,Maximum entropy priors,
Definition,https://statproofbook.github.io//D/prior-eb,Empirical Bayes priors,
Definition,https://statproofbook.github.io//D/prior-ref,Reference priors,
Proof,https://statproofbook.github.io//P/bayes-th,Bayes’ theorem,
Proof,https://statproofbook.github.io//P/bayes-rule,Bayes’ rule,
Definition,https://statproofbook.github.io//D/eb,Empirical Bayes,
Definition,https://statproofbook.github.io//D/vb,Variational Bayes,
Definition,https://statproofbook.github.io//D/duni,Definition,
Proof,https://statproofbook.github.io//P/duni-pmf,Probability mass function,
Proof,https://statproofbook.github.io//P/duni-cdf,Cumulative distribution function,
Proof,https://statproofbook.github.io//P/duni-qf,Quantile function,
Definition,https://statproofbook.github.io//D/bern,Definition,
Proof,https://statproofbook.github.io//P/bern-pmf,Probability mass function,
Proof,https://statproofbook.github.io//P/bern-mean,Mean,
Proof,https://statproofbook.github.io//P/bern-var,Variance,
Proof,https://statproofbook.github.io//P/bern-varrange,Range of variance,
Proof,https://statproofbook.github.io//P/bern-ent,Shannon entropy,
Definition,https://statproofbook.github.io//D/bin,Definition,
Proof,https://statproofbook.github.io//P/bin-pmf,Probability mass function,
Proof,https://statproofbook.github.io//P/bin-pgf,Probability-generating function,
Proof,https://statproofbook.github.io//P/bin-mean,Mean,
Proof,https://statproofbook.github.io//P/bin-var,Variance,
Proof,https://statproofbook.github.io//P/bin-varrange,Range of variance,
Proof,https://statproofbook.github.io//P/bin-ent,Shannon entropy,
Proof,https://statproofbook.github.io//P/bin-margcond,Conditional binomial,
Definition,https://statproofbook.github.io//D/betabin,Definition,
Proof,https://statproofbook.github.io//P/betabin-pmf,Probability mass function,
Proof,https://statproofbook.github.io//P/betabin-pmfitogf,Probability mass function in terms of gamma function,
Proof,https://statproofbook.github.io//P/betabin-cdf,Cumulative distribution function,
Definition,https://statproofbook.github.io//D/poiss,Definition,
Proof,https://statproofbook.github.io//P/poiss-pmf,Probability mass function,
Proof,https://statproofbook.github.io//P/poiss-mean,Mean,
Proof,https://statproofbook.github.io//P/poiss-var,Variance,
Definition,https://statproofbook.github.io//D/cat,Definition,
Proof,https://statproofbook.github.io//P/cat-pmf,Probability mass function,
Proof,https://statproofbook.github.io//P/cat-mean,Mean,
Proof,https://statproofbook.github.io//P/cat-cov,Covariance,
Proof,https://statproofbook.github.io//P/cat-ent,Shannon entropy,
Definition,https://statproofbook.github.io//D/mult,Definition,
Proof,https://statproofbook.github.io//P/mult-pmf,Probability mass function,
Proof,https://statproofbook.github.io//P/mult-mean,Mean,
Proof,https://statproofbook.github.io//P/mult-cov,Covariance,
Proof,https://statproofbook.github.io//P/mult-ent,Shannon entropy,
Definition,https://statproofbook.github.io//D/cuni,Definition,
Definition,https://statproofbook.github.io//D/suni,Standard uniform distribution,
Proof,https://statproofbook.github.io//P/cuni-pdf,Probability density function,
Proof,https://statproofbook.github.io//P/cuni-cdf,Cumulative distribution function,
Proof,https://statproofbook.github.io//P/cuni-qf,Quantile function,
Proof,https://statproofbook.github.io//P/cuni-mean,Mean,
Proof,https://statproofbook.github.io//P/cuni-med,Median,
Proof,https://statproofbook.github.io//P/cuni-mode,Mode,
Proof,https://statproofbook.github.io//P/cuni-var,Variance,
Proof,https://statproofbook.github.io//P/cuni-dent,Differential entropy,
Definition,https://statproofbook.github.io//D/norm,Definition,
Definition,https://statproofbook.github.io//D/snorm,Standard normal distribution,
Proof,https://statproofbook.github.io//P/norm-snorm,Relationship to standard normal distribution,
Proof,https://statproofbook.github.io//P/norm-snorm2,Relationship to standard normal distribution,
Proof,https://statproofbook.github.io//P/norm-snorm3,Relationship to standard normal distribution,
Proof,https://statproofbook.github.io//P/norm-chi2,Relationship to chi-squared distribution,
Proof,https://statproofbook.github.io//P/norm-t,Relationship to t-distribution,
Proof,https://statproofbook.github.io//P/norm-mvn,Special case of multivariate normal distribution,
Proof,https://statproofbook.github.io//P/norm-gi,Gaussian integral,
Proof,https://statproofbook.github.io//P/norm-pdf,Probability density function,
Proof,https://statproofbook.github.io//P/norm-mgf,Moment-generating function,
Proof,https://statproofbook.github.io//P/norm-cdf,Cumulative distribution function,
Proof,https://statproofbook.github.io//P/norm-cdfwerf,Cumulative distribution function without error function,
Proof,https://statproofbook.github.io//P/norm-probstd,Probability of being within standard deviations from mean,
Proof,https://statproofbook.github.io//P/norm-qf,Quantile function,
Proof,https://statproofbook.github.io//P/norm-mean,Mean,
Proof,https://statproofbook.github.io//P/norm-med,Median,
Proof,https://statproofbook.github.io//P/norm-mode,Mode,
Proof,https://statproofbook.github.io//P/norm-var,Variance,
Proof,https://statproofbook.github.io//P/norm-fwhm,Full width at half maximum,
Proof,https://statproofbook.github.io//P/norm-extr,Extreme points,
Proof,https://statproofbook.github.io//P/norm-infl,Inflection points,
Proof,https://statproofbook.github.io//P/norm-dent,Differential entropy,
Proof,https://statproofbook.github.io//P/norm-kl,Kullback-Leibler divergence,
Proof,https://statproofbook.github.io//P/norm-maxent,Maximum entropy distribution,
Proof,https://statproofbook.github.io//P/norm-lincomb,Linear combination,
Definition,https://statproofbook.github.io//D/t,Definition,
Definition,https://statproofbook.github.io//D/nst,Non-standardized t-distribution,
Proof,https://statproofbook.github.io//P/nst-t,Relationship to non-standardized t-distribution,
Proof,https://statproofbook.github.io//P/t-mvt,Special case of multivariate t-distribution,
Proof,https://statproofbook.github.io//P/t-pdf,Probability density function,
Definition,https://statproofbook.github.io//D/gam,Definition,
Definition,https://statproofbook.github.io//D/sgam,Standard gamma distribution,
Proof,https://statproofbook.github.io//P/gam-sgam,Relationship to standard gamma distribution,
Proof,https://statproofbook.github.io//P/gam-sgam2,Relationship to standard gamma distribution,
Proof,https://statproofbook.github.io//P/gam-wish,Special case of Wishart distribution,
Proof,https://statproofbook.github.io//P/gam-pdf,Probability density function,
Proof,https://statproofbook.github.io//P/gam-cdf,Cumulative distribution function,
Proof,https://statproofbook.github.io//P/gam-qf,Quantile function,
Proof,https://statproofbook.github.io//P/gam-mean,Mean,
Proof,https://statproofbook.github.io//P/gam-var,Variance,
Proof,https://statproofbook.github.io//P/gam-logmean,Logarithmic expectation,
Proof,https://statproofbook.github.io//P/gam-xlogx,Expectation of x ln x,
Proof,https://statproofbook.github.io//P/gam-dent,Differential entropy,
Proof,https://statproofbook.github.io//P/gam-kl,Kullback-Leibler divergence,
Definition,https://statproofbook.github.io//D/exp,Definition,
Proof,https://statproofbook.github.io//P/exp-gam,Special case of gamma distribution,
Proof,https://statproofbook.github.io//P/exp-pdf,Probability density function,
Proof,https://statproofbook.github.io//P/exp-cdf,Cumulative distribution function,
Proof,https://statproofbook.github.io//P/exp-qf,Quantile function,
Proof,https://statproofbook.github.io//P/exp-mean,Mean,
Proof,https://statproofbook.github.io//P/exp-med,Median,
Proof,https://statproofbook.github.io//P/exp-mode,Mode,
Proof,https://statproofbook.github.io//P/exp-var,Variance,
Definition,https://statproofbook.github.io//D/lognorm,Definition,
Proof,https://statproofbook.github.io//P/lognorm-pdf,Probability density function,
Proof,https://statproofbook.github.io//P/lognorm-cdf,Cumulative distribution function,
Proof,https://statproofbook.github.io//P/lognorm-qf,Quantile function,
Proof,https://statproofbook.github.io//P/lognorm-mean,Mean,
Proof,https://statproofbook.github.io//P/lognorm-med,Median,
Proof,https://statproofbook.github.io//P/lognorm-mode,Mode,
Proof,https://statproofbook.github.io//P/lognorm-var,Variance,
Definition,https://statproofbook.github.io//D/chi2,Definition,
Proof,https://statproofbook.github.io//P/chi2-gam,Special case of gamma distribution,
Proof,https://statproofbook.github.io//P/chi2-pdf,Probability density function,
Proof,https://statproofbook.github.io//P/chi2-mom,Moments,
Definition,https://statproofbook.github.io//D/f,Definition,
Proof,https://statproofbook.github.io//P/f-pdf,Probability density function,
Definition,https://statproofbook.github.io//D/beta,Definition,
Proof,https://statproofbook.github.io//P/beta-chi2,Relationship to chi-squared distribution,
Proof,https://statproofbook.github.io//P/beta-pdf,Probability density function,
Proof,https://statproofbook.github.io//P/beta-mgf,Moment-generating function,
Proof,https://statproofbook.github.io//P/beta-cdf,Cumulative distribution function,
Proof,https://statproofbook.github.io//P/beta-mean,Mean,
Proof,https://statproofbook.github.io//P/beta-var,Variance,
Definition,https://statproofbook.github.io//D/wald,Definition,
Proof,https://statproofbook.github.io//P/wald-pdf,Probability density function,
Proof,https://statproofbook.github.io//P/wald-mgf,Moment-generating function,
Proof,https://statproofbook.github.io//P/wald-mean,Mean,
Proof,https://statproofbook.github.io//P/wald-var,Variance,
Definition,https://statproofbook.github.io//D/mvn,Definition,
Proof,https://statproofbook.github.io//P/mvn-chi2,Relationship to chi-squared distribution,
Proof,https://statproofbook.github.io//P/mvn-matn,Special case of matrix-normal distribution,
Proof,https://statproofbook.github.io//P/mvn-pdf,Probability density function,
Proof,https://statproofbook.github.io//P/mvn-mean,Mean,
Proof,https://statproofbook.github.io//P/mvn-cov,Covariance,
Proof,https://statproofbook.github.io//P/mvn-dent,Differential entropy,
Proof,https://statproofbook.github.io//P/mvn-kl,Kullback-Leibler divergence,
Proof,https://statproofbook.github.io//P/mvn-ltt,Linear transformation,
Proof,https://statproofbook.github.io//P/mvn-marg,Marginal distributions,
Proof,https://statproofbook.github.io//P/mvn-cond,Conditional distributions,
Proof,https://statproofbook.github.io//P/mvn-ind,Conditions for independence,
Proof,https://statproofbook.github.io//P/mvn-indprod,Independence of products,
Definition,https://statproofbook.github.io//D/mvt,Definition,
Proof,https://statproofbook.github.io//P/mvt-pdf,Probability density function,
Proof,https://statproofbook.github.io//P/mvt-f,Relationship to F-distribution,
Definition,https://statproofbook.github.io//D/ng,Definition,
Proof,https://statproofbook.github.io//P/ng-nw,Special case of normal-Wishart distribution,
Proof,https://statproofbook.github.io//P/ng-pdf,Probability density function,
Proof,https://statproofbook.github.io//P/ng-mean,Mean,
Proof,https://statproofbook.github.io//P/ng-cov,Covariance,
Proof,https://statproofbook.github.io//P/ng-dent,Differential entropy,
Proof,https://statproofbook.github.io//P/ng-kl,Kullback-Leibler divergence,
Proof,https://statproofbook.github.io//P/ng-marg,Marginal distributions,
Proof,https://statproofbook.github.io//P/ng-cond,Conditional distributions,
Proof,https://statproofbook.github.io//P/ng-samp,Drawing samples,
Definition,https://statproofbook.github.io//D/dir,Definition,
Proof,https://statproofbook.github.io//P/dir-pdf,Probability density function,
Proof,https://statproofbook.github.io//P/dir-kl,Kullback-Leibler divergence,
Proof,https://statproofbook.github.io//P/dir-ep,Exceedance probabilities,
Definition,https://statproofbook.github.io//D/matn,Definition,
Proof,https://statproofbook.github.io//P/matn-mvn,Equivalence to multivariate normal distribution,
Proof,https://statproofbook.github.io//P/matn-pdf,Probability density function,
Proof,https://statproofbook.github.io//P/matn-mean,Mean,
Proof,https://statproofbook.github.io//P/matn-cov,Covariance,
Proof,https://statproofbook.github.io//P/matn-dent,Differential entropy,
Proof,https://statproofbook.github.io//P/matn-kl,Kullback-Leibler divergence,
Proof,https://statproofbook.github.io//P/matn-trans,Transposition,
Proof,https://statproofbook.github.io//P/matn-ltt,Linear transformation,
Proof,https://statproofbook.github.io//P/matn-marg,Marginal distributions,
Proof,https://statproofbook.github.io//P/matn-samp,Drawing samples,
Definition,https://statproofbook.github.io//D/wish,Definition,
Proof,https://statproofbook.github.io//P/wish-kl,Kullback-Leibler divergence,
Definition,https://statproofbook.github.io//D/nw,Definition,
Proof,https://statproofbook.github.io//P/nw-pdf,Probability density function,
Proof,https://statproofbook.github.io//P/nw-mean,Mean,
Definition,https://statproofbook.github.io//D/ug,Definition,
Proof,https://statproofbook.github.io//P/ug-mle,Maximum likelihood estimation,
Proof,https://statproofbook.github.io//P/ug-ttest1,One-sample t-test,
Proof,https://statproofbook.github.io//P/ug-ttest2,Two-sample t-test,
Proof,https://statproofbook.github.io//P/ug-ttestp,Paired t-test,
Proof,https://statproofbook.github.io//P/ug-prior,Conjugate prior distribution,
Proof,https://statproofbook.github.io//P/ug-post,Posterior distribution,
Proof,https://statproofbook.github.io//P/ug-lme,Log model evidence,
Proof,https://statproofbook.github.io//P/ug-anc,Accuracy and complexity,
Definition,https://statproofbook.github.io//D/ugkv,Definition,
Proof,https://statproofbook.github.io//P/ugkv-mle,Maximum likelihood estimation,
Proof,https://statproofbook.github.io//P/ugkv-ztest1,One-sample z-test,
Proof,https://statproofbook.github.io//P/ugkv-ztest2,Two-sample z-test,
Proof,https://statproofbook.github.io//P/ugkv-ztestp,Paired z-test,
Proof,https://statproofbook.github.io//P/ugkv-prior,Conjugate prior distribution,
Proof,https://statproofbook.github.io//P/ugkv-post,Posterior distribution,
Proof,https://statproofbook.github.io//P/ugkv-lme,Log model evidence,
Proof,https://statproofbook.github.io//P/ugkv-anc,Accuracy and complexity,
Proof,https://statproofbook.github.io//P/ugkv-lbf,Log Bayes factor,
Proof,https://statproofbook.github.io//P/ugkv-lbfmean,Expectation of log Bayes factor,
Proof,https://statproofbook.github.io//P/ugkv-cvlme,Cross-validated log model evidence,
Proof,https://statproofbook.github.io//P/ugkv-cvlbf,Cross-validated log Bayes factor,
Proof,https://statproofbook.github.io//P/ugkv-cvlbfmean,Expectation of cross-validated log Bayes factor,
Definition,https://statproofbook.github.io//D/anova1,One-way ANOVA,
Definition,https://statproofbook.github.io//D/trss,Treatment sum of squares,
Proof,https://statproofbook.github.io//P/anova1-ols,Ordinary least squares for one-way ANOVA,
Proof,https://statproofbook.github.io//P/anova1-pss,Sums of squares in one-way ANOVA,
Proof,https://statproofbook.github.io//P/anova1-f,F-test for main effect in one-way ANOVA,
Proof,https://statproofbook.github.io//P/anova1-fols,F-statistic in terms of OLS estimates,
Proof,https://statproofbook.github.io//P/anova1-repara,Reparametrization of one-way ANOVA,
Definition,https://statproofbook.github.io//D/anova2,Two-way ANOVA,
Definition,https://statproofbook.github.io//D/iass,Interaction sum of squares,
Proof,https://statproofbook.github.io//P/anova2-ols,Ordinary least squares for two-way ANOVA,
Proof,https://statproofbook.github.io//P/anova2-pss,Sums of squares in two-way ANOVA,
Proof,https://statproofbook.github.io//P/anova2-cochran,Cochran’s theorem for two-way ANOVA,
Proof,https://statproofbook.github.io//P/anova2-fme,F-test for main effect in two-way ANOVA,
Proof,https://statproofbook.github.io//P/anova2-fia,F-test for interaction in two-way ANOVA,
Proof,https://statproofbook.github.io//P/anova2-fgm,F-test for grand mean in two-way ANOVA,
Proof,https://statproofbook.github.io//P/anova2-fols,F-statistics in terms of OLS estimates,
Definition,https://statproofbook.github.io//D/slr,Definition,
Proof,https://statproofbook.github.io//P/slr-mlr,Special case of multiple linear regression,
Proof,https://statproofbook.github.io//P/slr-ols,Ordinary least squares,
Proof,https://statproofbook.github.io//P/slr-ols2,Ordinary least squares,
Proof,https://statproofbook.github.io//P/slr-olsmean,Expectation of estimates,
Proof,https://statproofbook.github.io//P/slr-olsvar,Variance of estimates,
Proof,https://statproofbook.github.io//P/slr-olsdist,Distribution of estimates,
Proof,https://statproofbook.github.io//P/slr-olscorr,Correlation of estimates,
Proof,https://statproofbook.github.io//P/slr-meancent,Effects of mean-centering,
Definition,https://statproofbook.github.io//D/regline,Regression line,
Proof,https://statproofbook.github.io//P/slr-comp,Regression line includes center of mass,
Proof,https://statproofbook.github.io//P/slr-proj,Projection of data point to regression line,
Proof,https://statproofbook.github.io//P/slr-sss,Sums of squares,
Proof,https://statproofbook.github.io//P/slr-mat,Transformation matrices,
Proof,https://statproofbook.github.io//P/slr-wls,Weighted least squares,
Proof,https://statproofbook.github.io//P/slr-wls2,Weighted least squares,
Proof,https://statproofbook.github.io//P/slr-mle,Maximum likelihood estimation,
Proof,https://statproofbook.github.io//P/slr-mle2,Maximum likelihood estimation,
Proof,https://statproofbook.github.io//P/slr-ressum,Sum of residuals is zero,
Proof,https://statproofbook.github.io//P/slr-rescorr,Correlation with covariate is zero,
Proof,https://statproofbook.github.io//P/slr-resvar,Residual variance in terms of sample variance,
Proof,https://statproofbook.github.io//P/slr-corr,Correlation coefficient in terms of slope estimate,
Proof,https://statproofbook.github.io//P/slr-rsq,Coefficient of determination in terms of correlation coefficient,
Definition,https://statproofbook.github.io//D/mlr,Definition,
Proof,https://statproofbook.github.io//P/mlr-glm,Special case of general linear model,
Proof,https://statproofbook.github.io//P/mlr-ols,Ordinary least squares,
Proof,https://statproofbook.github.io//P/mlr-ols2,Ordinary least squares,
Definition,https://statproofbook.github.io//D/tss,Total sum of squares,
Definition,https://statproofbook.github.io//D/ess,Explained sum of squares,
Definition,https://statproofbook.github.io//D/rss,Residual sum of squares,
Proof,https://statproofbook.github.io//P/mlr-pss,"Total, explained and residual sum of squares",
Definition,https://statproofbook.github.io//D/emat,Estimation matrix,
Definition,https://statproofbook.github.io//D/pmat,Projection matrix,
Definition,https://statproofbook.github.io//D/rfmat,Residual-forming matrix,
Proof,https://statproofbook.github.io//P/mlr-mat,"Estimation, projection and residual-forming matrix",
Proof,https://statproofbook.github.io//P/mlr-symm,Symmetry of projection and residual-forming matrix,
Proof,https://statproofbook.github.io//P/mlr-idem,Idempotence of projection and residual-forming matrix,
Proof,https://statproofbook.github.io//P/mlr-ind,Independence of estimated parameters and residuals,
Proof,https://statproofbook.github.io//P/mlr-olsdist,"Distribution of OLS estimates, signal and residuals",
Proof,https://statproofbook.github.io//P/mlr-wlsdist,"Distribution of WLS estimates, signal and residuals",
Proof,https://statproofbook.github.io//P/mlr-rssdist,Distribution of residual sum of squares,
Proof,https://statproofbook.github.io//P/mlr-wls,Weighted least squares,
Proof,https://statproofbook.github.io//P/mlr-wls2,Weighted least squares,
Definition,https://statproofbook.github.io//D/tcon,t-contrast,
Definition,https://statproofbook.github.io//D/fcon,F-contrast,
Proof,https://statproofbook.github.io//P/mlr-t,Contrast-based t-test,
Proof,https://statproofbook.github.io//P/mlr-f,Contrast-based F-test,
Proof,https://statproofbook.github.io//P/mlr-mle,Maximum likelihood estimation,
Proof,https://statproofbook.github.io//P/mlr-mll,Maximum log-likelihood,
Proof,https://statproofbook.github.io//P/mlr-dev,Deviance function,
Proof,https://statproofbook.github.io//P/mlr-aic,Akaike information criterion,
Proof,https://statproofbook.github.io//P/mlr-bic,Bayesian information criterion,
Proof,https://statproofbook.github.io//P/mlr-aicc,Corrected Akaike information criterion,
Proof,https://statproofbook.github.io//P/blr-prior,Conjugate prior distribution,
Proof,https://statproofbook.github.io//P/blr-post,Posterior distribution,
Proof,https://statproofbook.github.io//P/blr-lme,Log model evidence,
Proof,https://statproofbook.github.io//P/blr-dic,Deviance information criterion,
Proof,https://statproofbook.github.io//P/blr-pp,Posterior probability of alternative hypothesis,
Proof,https://statproofbook.github.io//P/blr-pcr,Posterior credibility region excluding null hypothesis,
Definition,https://statproofbook.github.io//D/glm,Definition,
Proof,https://statproofbook.github.io//P/glm-ols,Ordinary least squares,
Proof,https://statproofbook.github.io//P/glm-wls,Weighted least squares,
Proof,https://statproofbook.github.io//P/glm-mle,Maximum likelihood estimation,
Definition,https://statproofbook.github.io//D/tglm,Definition,
Proof,https://statproofbook.github.io//P/tglm-dist,Derivation of the distribution,
Proof,https://statproofbook.github.io//P/tglm-para,Equivalence of parameter estimates,
Definition,https://statproofbook.github.io//D/iglm,Definition,
Proof,https://statproofbook.github.io//P/iglm-dist,Derivation of the distribution,
Proof,https://statproofbook.github.io//P/iglm-blue,Best linear unbiased estimator,
Definition,https://statproofbook.github.io//D/cfm,Corresponding forward model,
Proof,https://statproofbook.github.io//P/cfm-para,Derivation of parameters,
Proof,https://statproofbook.github.io//P/cfm-exist,Proof of existence,
Proof,https://statproofbook.github.io//P/mblr-prior,Conjugate prior distribution,
Proof,https://statproofbook.github.io//P/mblr-post,Posterior distribution,
Proof,https://statproofbook.github.io//P/mblr-lme,Log model evidence,
Definition,https://statproofbook.github.io//D/bin-data,Definition,
Proof,https://statproofbook.github.io//P/bin-mle,Maximum likelihood estimation,
Proof,https://statproofbook.github.io//P/bin-mll,Maximum log-likelihood,
Proof,https://statproofbook.github.io//P/bin-prior,Conjugate prior distribution,
Proof,https://statproofbook.github.io//P/bin-post,Posterior distribution,
Proof,https://statproofbook.github.io//P/bin-lme,Log model evidence,
Proof,https://statproofbook.github.io//P/bin-lbf,Log Bayes factor,
Proof,https://statproofbook.github.io//P/bin-pp,Posterior probability,
Definition,https://statproofbook.github.io//D/mult-data,Definition,
Proof,https://statproofbook.github.io//P/mult-mle,Maximum likelihood estimation,
Proof,https://statproofbook.github.io//P/mult-mll,Maximum log-likelihood,
Proof,https://statproofbook.github.io//P/mult-prior,Conjugate prior distribution,
Proof,https://statproofbook.github.io//P/mult-post,Posterior distribution,
Proof,https://statproofbook.github.io//P/mult-lme,Log model evidence,
Proof,https://statproofbook.github.io//P/mult-lbf,Log Bayes factor,
Proof,https://statproofbook.github.io//P/mult-pp,Posterior probability,
Definition,https://statproofbook.github.io//D/poiss-data,Definition,
Proof,https://statproofbook.github.io//P/poiss-mle,Maximum likelihood estimation,
Proof,https://statproofbook.github.io//P/poiss-prior,Conjugate prior distribution,
Proof,https://statproofbook.github.io//P/poiss-post,Posterior distribution,
Proof,https://statproofbook.github.io//P/poiss-lme,Log model evidence,
Definition,https://statproofbook.github.io//D/poissexp,Definition,
Proof,https://statproofbook.github.io//P/poissexp-mle,Maximum likelihood estimation,
Proof,https://statproofbook.github.io//P/poissexp-prior,Conjugate prior distribution,
Proof,https://statproofbook.github.io//P/poissexp-post,Posterior distribution,
Proof,https://statproofbook.github.io//P/poissexp-lme,Log model evidence,
Definition,https://statproofbook.github.io//D/beta-data,Definition,
Proof,https://statproofbook.github.io//P/beta-mome,Method of moments,
Definition,https://statproofbook.github.io//D/dir-data,Definition,
Proof,https://statproofbook.github.io//P/dir-mle,Maximum likelihood estimation,
Definition,https://statproofbook.github.io//D/betabin-data,Definition,
Proof,https://statproofbook.github.io//P/betabin-mome,Method of moments,
Definition,https://statproofbook.github.io//D/logreg,Definition,
Proof,https://statproofbook.github.io//P/logreg-pnlo,Probability and log-odds,
Proof,https://statproofbook.github.io//P/logreg-lonp,Log-odds and probability,
Definition,https://statproofbook.github.io//D/resvar,Definition,
Proof,https://statproofbook.github.io//P/resvar-bias,Maximum likelihood estimator is biased (p = 1),
Proof,https://statproofbook.github.io//P/resvar-biasp,Maximum likelihood estimator is biased (p > 1),
Proof,https://statproofbook.github.io//P/resvar-unb,Construction of unbiased estimator,
Definition,https://statproofbook.github.io//D/rsq,Definition,
Proof,https://statproofbook.github.io//P/rsq-der,Derivation of R² and adjusted R²,
Proof,https://statproofbook.github.io//P/rsq-mll,Relationship to maximum log-likelihood,
Definition,https://statproofbook.github.io//D/snr,Definition,
Proof,https://statproofbook.github.io//P/snr-rsq,Relationship with R²,
Definition,https://statproofbook.github.io//D/aic,Definition,
Definition,https://statproofbook.github.io//D/aicc,Corrected AIC,
Proof,https://statproofbook.github.io//P/aicc-aic,Corrected AIC and uncorrected AIC,
Proof,https://statproofbook.github.io//P/aicc-mll,Corrected AIC and maximum log-likelihood,
Definition,https://statproofbook.github.io//D/bic,Definition,
Proof,https://statproofbook.github.io//P/bic-der,Derivation,
Definition,https://statproofbook.github.io//D/dic,Definition,
Definition,https://statproofbook.github.io//D/dev,Deviance,
Definition,https://statproofbook.github.io//D/me,Definition,
Proof,https://statproofbook.github.io//P/me-der,Derivation,
Definition,https://statproofbook.github.io//D/lme,Log model evidence,
Proof,https://statproofbook.github.io//P/lme-der,Derivation of the LME,
Proof,https://statproofbook.github.io//P/lme-pnp,Expression using prior and posterior,
Proof,https://statproofbook.github.io//P/lme-anc,Partition into accuracy and complexity,
Definition,https://statproofbook.github.io//D/uplme,Uniform-prior log model evidence,
Definition,https://statproofbook.github.io//D/cvlme,Cross-validated log model evidence,
Definition,https://statproofbook.github.io//D/eblme,Empirical Bayesian log model evidence,
Definition,https://statproofbook.github.io//D/vblme,Variational Bayesian log model evidence,
Definition,https://statproofbook.github.io//D/fe,Definition,
Proof,https://statproofbook.github.io//P/fe-der,Derivation,
Definition,https://statproofbook.github.io//D/lfe,Log family evidence,
Proof,https://statproofbook.github.io//P/lfe-der,Derivation of the LFE,
Proof,https://statproofbook.github.io//P/lfe-lme,Calculation from log model evidences,
Definition,https://statproofbook.github.io//D/bf,Definition,
Proof,https://statproofbook.github.io//P/bf-trans,Transitivity,
Proof,https://statproofbook.github.io//P/bf-sddr,Computation using Savage-Dickey density ratio,
Proof,https://statproofbook.github.io//P/bf-ep,Computation using encompassing prior method,
Definition,https://statproofbook.github.io//D/encm,Encompassing model,
Definition,https://statproofbook.github.io//D/lbf,Log Bayes factor,
Proof,https://statproofbook.github.io//P/lbf-der,Derivation of the LBF,
Proof,https://statproofbook.github.io//P/lbf-lme,Calculation from log model evidences,
Definition,https://statproofbook.github.io//D/pmp,Definition,
Proof,https://statproofbook.github.io//P/pmp-der,Derivation,
Proof,https://statproofbook.github.io//P/pmp-bf,Calculation from Bayes factors,
Proof,https://statproofbook.github.io//P/pmp-lbf,Calculation from log Bayes factor,
Proof,https://statproofbook.github.io//P/pmp-lme,Calculation from log model evidences,
Definition,https://statproofbook.github.io//D/bma,Definition,
Proof,https://statproofbook.github.io//P/bma-der,Derivation,
Proof,https://statproofbook.github.io//P/bma-lme,Calculation from log model evidences,
Proof,https://statproofbook.github.io/mailto:StatProofBook@gmail.com,StatProofBook@gmail.com,
Proof,https://statproofbook.github.io/https://dx.doi.org/10.5281/zenodo.4305950,,
Proof,https://statproofbook.github.io/https://github.com/StatProofBook, StatProofBook,
Proof,https://statproofbook.github.io/https://www.twitter.com/StatProofBook, StatProofBook,
Proof,https://statproofbook.github.io/https://creativecommons.org/licenses/by-sa/4.0/,  License,
